{"cameraMode":{"drawMode":0,"name":"Shaded","section":"Shading Mode"},"sceneLighting":true,"audioPlay":false,"sceneViewState":{"showFog":true,"showMaterialUpdate":false,"showSkybox":true,"showFlares":true,"showImageEffects":true,"showParticleSystems":true},"in2DMode":false,"pivot":{"x":10.67721176147461,"y":7.436403274536133,"z":23.738269805908204},"rotation":{"x":-0.3232778012752533,"y":-0.03378148004412651,"z":0.011561774648725987,"w":-0.9456303119659424},"size":40.10163879394531,"orthographic":false}