{"cameraMode":{"drawMode":0,"name":"Shaded","section":"Shading Mode"},"sceneLighting":false,"audioPlay":false,"sceneViewState":{"showFog":true,"showMaterialUpdate":false,"showSkybox":true,"showFlares":true,"showImageEffects":true,"showParticleSystems":true},"in2DMode":false,"pivot":{"x":-5.150000095367432,"y":2.109999895095825,"z":1.2249603271484376},"rotation":{"x":0.22523199021816255,"y":0.11833234131336212,"z":-0.027583329007029535,"w":0.9666991233825684},"size":39.497596740722659,"orthographic":false}