{"cameraMode":{"drawMode":0,"name":"Shaded","section":"Shading Mode"},"sceneLighting":false,"audioPlay":false,"sceneViewState":{"showFog":true,"showMaterialUpdate":false,"showSkybox":true,"showFlares":true,"showImageEffects":true,"showParticleSystems":true},"in2DMode":false,"pivot":{"x":9.399664878845215,"y":10.393452644348145,"z":5.23853874206543},"rotation":{"x":-0.41156384348869326,"y":0.18435323238372804,"z":-0.08539967983961106,"w":-0.8884458541870117},"size":5.993316650390625,"orthographic":false}