{"cameraMode":{"drawMode":0,"name":"Shaded","section":"Shading Mode"},"sceneLighting":false,"audioPlay":false,"sceneViewState":{"showFog":true,"showMaterialUpdate":false,"showSkybox":true,"showFlares":true,"showImageEffects":true,"showParticleSystems":true},"in2DMode":false,"pivot":{"x":2.4920568466186525,"y":6.943155288696289,"z":-1.5632686614990235},"rotation":{"x":-0.41156384348869326,"y":0.18435323238372804,"z":-0.08539967983961106,"w":-0.8884458541870117},"size":2.8578836917877199,"orthographic":false}