{"cameraMode":{"drawMode":0,"name":"Shaded","section":"Shading Mode"},"sceneLighting":false,"audioPlay":false,"sceneViewState":{"showFog":true,"showMaterialUpdate":false,"showSkybox":true,"showFlares":true,"showImageEffects":true,"showParticleSystems":true},"in2DMode":false,"pivot":{"x":-0.11150121688842774,"y":0.24667072296142579,"z":-0.04158318042755127},"rotation":{"x":-0.07216735929250717,"y":0.9050453901290894,"z":-0.1705971509218216,"w":-0.3828594386577606},"size":10.389811515808106,"orthographic":false}