{"cameraMode":{"drawMode":0,"name":"Shaded","section":"Shading Mode"},"sceneLighting":false,"audioPlay":false,"sceneViewState":{"showFog":true,"showMaterialUpdate":false,"showSkybox":true,"showFlares":true,"showImageEffects":true,"showParticleSystems":true},"in2DMode":false,"pivot":{"x":0.7395598888397217,"y":1.1106834411621094,"z":1.8690192699432374},"rotation":{"x":-0.4508785605430603,"y":0.04201086238026619,"z":-0.02125084027647972,"w":-0.89134281873703},"size":6.606379508972168,"orthographic":false}