{"cameraMode":{"drawMode":0,"name":"Shaded","section":"Shading Mode"},"sceneLighting":false,"audioPlay":false,"sceneViewState":{"showFog":true,"showMaterialUpdate":false,"showSkybox":true,"showFlares":true,"showImageEffects":true,"showParticleSystems":true},"in2DMode":false,"pivot":{"x":-0.03739862143993378,"y":2.5642943382263185,"z":3.1092758178710939},"rotation":{"x":-0.6539201140403748,"y":-0.008626298047602177,"z":0.0074568260461091999,"w":-0.7564777731895447},"size":4.884952068328857,"orthographic":false}