{"cameraMode":{"drawMode":0,"name":"Shaded","section":"Shading Mode"},"sceneLighting":false,"audioPlay":false,"sceneViewState":{"showFog":true,"showMaterialUpdate":false,"showSkybox":true,"showFlares":true,"showImageEffects":true,"showParticleSystems":true},"in2DMode":false,"pivot":{"x":2.4920568466186525,"y":6.943155288696289,"z":-1.5632686614990235},"rotation":{"x":0.19215120375156403,"y":-0.3294132947921753,"z":0.06866245716810227,"w":0.9218732118606567},"size":22.0,"orthographic":false}