{"cameraMode":{"drawMode":0,"name":"Shaded","section":"Shading Mode"},"sceneLighting":true,"audioPlay":false,"sceneViewState":{"showFog":true,"showMaterialUpdate":false,"showSkybox":true,"showFlares":true,"showImageEffects":true,"showParticleSystems":true},"in2DMode":false,"pivot":{"x":-0.11837100982666016,"y":-4.690518379211426,"z":7.815361022949219},"rotation":{"x":0.074855275452137,"y":0.15965145826339723,"z":-0.012154669500887394,"w":0.9842563271522522},"size":14.796093940734864,"orthographic":false}